r1~3.21.38.248~1~(Detected end of voltage swell)(?:(?:\s*(?:for|on)?\s*(?:meter)?)?\s+(?:[0-9a-zA-Z]+)(?:\:[0-9a-zA-Z]+)+\.?).*Duration: .*, Min RMS Voltage: .*, RMS Current \(at min voltage\): .*~$1~1~cr1~1~A~~~~~~2023-04-11~2023-04-11 08:30:04
r2~3.21.38.248~2~(Detected end of voltage swell)(?:(?:\s*(?:for|on)?\s*(?:meter)?)?\s+(?:[0-9a-zA-Z]+)(?:\:[0-9a-zA-Z]+)+\.?).*~$1~1~cr2~2~A~~Detected end of voltage swell~~~~2023-04-11~2023-04-11 08:30:04
r3~3.21.38.223~1~(Detected end of voltage sag)(?:(?:\s*(?:for|on)?\s*(?:meter)?)?\s+(?:[0-9a-zA-Z]+)(?:\:[0-9a-zA-Z]+)+\.?).*Duration:.*, Min RMS Voltage: Phase A .*, Phase B .*, Phase C .*, RMS Current \(at min voltage\): Phase A .*, Phase B .*, Phase C .*~$1~2~cr3~3~A~~Detected end of voltage sag~~~~2023-04-11~2023-04-11 08:30:04
r4~3.21.38.223~2~(Detected end of voltage sag)(?:(?:\s*(?:for|on)?\s*(?:meter)?)?\s+(?:[0-9a-zA-Z]+)(?:\:[0-9a-zA-Z]+)+\.?).*~$1~2~cr4~4~A~~~~~~2023-04-11~2023-04-11 08:30:04
r5~3.12.136.85~1~(.*) failed consecutively for [0-9]+ times?(?:(?:\s*(?:for|on)?\s*(?:meter)?)?\s+(?:[0-9a-zA-Z]+)(?:\:[0-9a-zA-Z]+)+\.?).*~$1 failed consecutively for 1 or more times~3~cr5~5~A~~NET_MGMT command failed consecutively for 1 or more times~~~~2023-04-11~2023-04-11 08:30:04
r5~3.12.136.85~1~(.*) failed consecutively for [0-9]+ times?(?:(?:\s*(?:for|on)?\s*(?:meter)?)?\s+(?:[0-9a-zA-Z]+)(?:\:[0-9a-zA-Z]+)+\.?).*~$1 failed consecutively for 1 or more times~3~cr6~6~A~~N/A failed consecutively for 1 or more times~~~~2023-04-11~2023-04-11 08:30:04
r5~3.12.136.85~1~(.*) failed consecutively for [0-9]+ times?(?:(?:\s*(?:for|on)?\s*(?:meter)?)?\s+(?:[0-9a-zA-Z]+)(?:\:[0-9a-zA-Z]+)+\.?).*~$1 failed consecutively for 1 or more times~3~cr7~7~A~~Secure association operation failed consecutively for 1 or more times~~~~2023-04-11~2023-04-11 08:30:04
r6~3.12.136.85~2~^failed consecutively for [0-9]+ times? for 0:0:0:0:0:0:0:0.$~N/A failed consecutively for 1 or more times~3~cr8~8~A~~~~~~2023-04-11~2023-04-11 08:30:04
r7~3.26.136.216~1~(NIC Power Restore Trap Received from device):(?:\s+(?:[0-9a-zA-Z]+)(?:\:[0-9a-zA-Z]+)+).*~$1~4~cr9~9~A~~NIC Power Restore Trap Received from device~~~~2023-04-11~2023-04-11 08:30:04
r8~3.26.0.47~1~(Primary Power Down)(?:(?:\s*occurred\s*)?(?:\s*(?:for|on)?\s*(?:meter)?)?\s+(?:[0-9a-zA-Z]+)(?:\:[0-9a-zA-Z]+)+\.?)~$1~5~cr10~10~A~~Primary Power Down~~~~2023-04-11~2023-04-11 08:30:04
r9~3.26.0.47~2~(Meter had a power outage)\.?\s*(Unsafe power fail)\s*count\s*=\s*[0-9]+~$1 ($2)~5~cr11~11~A~~Meter had a power outage (Unsafe power fail)~~~~2023-04-11~2023-04-11 08:30:04
r10~3.26.0.47~3~^(Meter had a power outage).*$~$1~5~cr12~12~A~~Meter had a power outage~~~~2023-04-11~2023-04-11 08:30:04
r11~3.26.0.47~4~(Meter event Primary Power Down)\s*Time event occurred on meter\s*=.*\s*Sequence number\s*=.*\s*User id\s*=.*\s*Event argument\s*=.*~$1~5~cr13~13~A~~Meter event Primary Power Down~~~~2023-04-11~2023-04-11 08:30:04
r12~3.26.0.47~5~(Meter event Primary Power Down).*~$1~5~cr14~14~A~~~~~~2023-04-11~2023-04-11 08:30:04
r13~3.26.0.216~1~(Primary Power Up)(?:(?:\s*occurred\s*)?(?:\s*(?:for|on)?\s*(?:meter)?)?\s+(?:[0-9a-zA-Z]+)(?:\:[0-9a-zA-Z]+)+\.?)~$1~6~cr15~15~A~~Primary Power Up~~~~2023-04-11~2023-04-11 08:30:04
r14~3.26.0.216~2~Meter event (Primary Power Up)\s*Time event occurred on meter\s*=.*\s*Sequence number\s*=.*\s*User id\s*=.*\s*Event argument\s*=.*~$1~6~cr16~16~A~~Primary Power Up~~~~2023-04-11~2023-04-11 08:30:04
r15~3.26.0.216~3~Meter event (Primary Power Up).*~$1~6~cr17~17~A~~~~~~2023-04-11~2023-04-11 08:30:04
r16~3.36.136.73~1~(Meter)(?:\s+(?:[0-9a-zA-Z]+)(?:\:[0-9a-zA-Z]+)+)\s*(needs explicit time sync.) Drift: -?\d* s, (Encountered Problems:\s*.*), Meter_Time.*~$1 $2 $3~7~cr18~18~A~~Meter needs explicit time sync. Encountered Problems:  TS_ERR_NEAR_LP_BND, TS_ERR_BIG_DRIFT [0x42]~~~~2023-04-11~2023-04-11 08:30:04
r16~3.36.136.73~1~(Meter)(?:\s+(?:[0-9a-zA-Z]+)(?:\:[0-9a-zA-Z]+)+)\s*(needs explicit time sync.) Drift: -?\d* s, (Encountered Problems:\s*.*), Meter_Time.*~$1 $2 $3~7~cr19~19~A~~Meter needs explicit time sync. Encountered Problems:  TS_ERR_BAD_DATE [0xCF]~~~~2023-04-11~2023-04-11 08:30:04
r16~3.36.136.73~1~(Meter)(?:\s+(?:[0-9a-zA-Z]+)(?:\:[0-9a-zA-Z]+)+)\s*(needs explicit time sync.) Drift: -?\d* s, (Encountered Problems:\s*.*), Meter_Time.*~$1 $2 $3~7~cr20~20~A~~Meter needs explicit time sync. Encountered Problems:  TS_ERR_NEAR_DAY_BND, TS_ERR_NEAR_LP_BND, TS_ERR_LP_BX, TS_ERR_BIG_DRIFT, TS_ERR_DAY_BX, TS_ERR_DST_BX [0x6F]~~~~2023-04-11~2023-04-11 08:30:04
r16~3.36.136.73~1~(Meter)(?:\s+(?:[0-9a-zA-Z]+)(?:\:[0-9a-zA-Z]+)+)\s*(needs explicit time sync.) Drift: -?\d* s, (Encountered Problems:\s*.*), Meter_Time.*~$1 $2 $3~7~cr21~21~A~~Meter needs explicit time sync. Encountered Problems:  TS_ERR_NEAR_LP_BND, TS_ERR_LP_BX, TS_ERR_BIG_DRIFT, TS_ERR_DAY_BX [0x4E]~~~~2023-04-11~2023-04-11 08:30:04
r16~3.36.136.73~1~(Meter)(?:\s+(?:[0-9a-zA-Z]+)(?:\:[0-9a-zA-Z]+)+)\s*(needs explicit time sync.) Drift: -?\d* s, (Encountered Problems:\s*.*), Meter_Time.*~$1 $2 $3~7~cr22~22~A~~Meter needs explicit time sync. Encountered Problems:  TS_ERR_NEAR_DAY_BND, TS_ERR_NEAR_LP_BND, TS_ERR_BIG_DRIFT [0x43]~~~~2023-04-11~2023-04-11 08:30:04
r16~3.36.136.73~1~(Meter)(?:\s+(?:[0-9a-zA-Z]+)(?:\:[0-9a-zA-Z]+)+)\s*(needs explicit time sync.) Drift: -?\d* s, (Encountered Problems:\s*.*), Meter_Time.*~$1 $2 $3~7~cr23~23~A~~Meter needs explicit time sync. Encountered Problems:  TS_ERR_LP_BX, TS_ERR_BIG_DRIFT [0x44]~~~~2023-04-11~2023-04-11 08:30:04
r16~3.36.136.73~1~(Meter)(?:\s+(?:[0-9a-zA-Z]+)(?:\:[0-9a-zA-Z]+)+)\s*(needs explicit time sync.) Drift: -?\d* s, (Encountered Problems:\s*.*), Meter_Time.*~$1 $2 $3~7~cr24~24~A~~Meter needs explicit time sync. Encountered Problems:  TS_ERR_NEAR_LP_BND, TS_ERR_LP_BX, TS_ERR_BIG_DRIFT [0x46]~~~~2023-04-11~2023-04-11 08:30:04
r16~3.36.136.73~1~(Meter)(?:\s+(?:[0-9a-zA-Z]+)(?:\:[0-9a-zA-Z]+)+)\s*(needs explicit time sync.) Drift: -?\d* s, (Encountered Problems:\s*.*), Meter_Time.*~$1 $2 $3~7~cr25~25~A~~Meter needs explicit time sync. Encountered Problems:  TS_ERR_NEAR_DAY_BND, TS_ERR_LP_BX, TS_ERR_BIG_DRIFT [0x45]~~~~2023-04-11~2023-04-11 08:30:04
r16~3.36.136.73~1~(Meter)(?:\s+(?:[0-9a-zA-Z]+)(?:\:[0-9a-zA-Z]+)+)\s*(needs explicit time sync.) Drift: -?\d* s, (Encountered Problems:\s*.*), Meter_Time.*~$1 $2 $3~7~cr26~26~A~~Meter needs explicit time sync. Encountered Problems:  TS_ERR_LP_BX, TS_ERR_BIG_DRIFT, TS_ERR_DAY_BX, TS_ERR_DST_BX [0x6C]~~~~2023-04-11~2023-04-11 08:30:04
r16~3.36.136.73~1~(Meter)(?:\s+(?:[0-9a-zA-Z]+)(?:\:[0-9a-zA-Z]+)+)\s*(needs explicit time sync.) Drift: -?\d* s, (Encountered Problems:\s*.*), Meter_Time.*~$1 $2 $3~7~cr27~27~A~~Meter needs explicit time sync. Encountered Problems:  TS_ERR_LP_BX, TS_ERR_BIG_DRIFT, TS_ERR_DAY_BX [0x4C]~~~~2023-04-11~2023-04-11 08:30:04
r16~3.36.136.73~1~(Meter)(?:\s+(?:[0-9a-zA-Z]+)(?:\:[0-9a-zA-Z]+)+)\s*(needs explicit time sync.) Drift: -?\d* s, (Encountered Problems:\s*.*), Meter_Time.*~$1 $2 $3~7~cr28~28~A~~Meter needs explicit time sync. Encountered Problems:  TS_ERR_NEAR_DAY_BND, TS_ERR_NEAR_LP_BND, TS_ERR_LP_BX, TS_ERR_BIG_DRIFT [0x47]~~~~2023-04-11~2023-04-11 08:30:04
r16~3.36.136.73~1~(Meter)(?:\s+(?:[0-9a-zA-Z]+)(?:\:[0-9a-zA-Z]+)+)\s*(needs explicit time sync.) Drift: -?\d* s, (Encountered Problems:\s*.*), Meter_Time.*~$1 $2 $3~7~cr29~29~A~~Meter needs explicit time sync. Encountered Problems:  TS_ERR_NEAR_LP_BND, TS_ERR_LP_BX, TS_ERR_BIG_DRIFT, TS_ERR_DAY_BX, TS_ERR_DST_BX [0x6E]~~~~2023-04-11~2023-04-11 08:30:04
r16~3.36.136.73~1~(Meter)(?:\s+(?:[0-9a-zA-Z]+)(?:\:[0-9a-zA-Z]+)+)\s*(needs explicit time sync.) Drift: -?\d* s, (Encountered Problems:\s*.*), Meter_Time.*~$1 $2 $3~7~cr30~30~A~~Meter needs explicit time sync. Encountered Problems:  TS_ERR_NEAR_DAY_BND, TS_ERR_LP_BX, TS_ERR_BIG_DRIFT, TS_ERR_DAY_BX [0x4D]~~~~2023-04-11~2023-04-11 08:30:04
r16~3.36.136.73~1~(Meter)(?:\s+(?:[0-9a-zA-Z]+)(?:\:[0-9a-zA-Z]+)+)\s*(needs explicit time sync.) Drift: -?\d* s, (Encountered Problems:\s*.*), Meter_Time.*~$1 $2 $3~7~cr31~31~A~~Meter needs explicit time sync. Encountered Problems:  TS_ERR_NEAR_DAY_BND, TS_ERR_NEAR_LP_BND, TS_ERR_LP_BX, TS_ERR_BIG_DRIFT, TS_ERR_DAY_BX [0x4F]~~~~2023-04-11~2023-04-11 08:30:04
r17~3.26.136.47~1~(Last Gasp - NIC power lost for device):(?:\s+(?:[0-9a-zA-Z]+)(?:\:[0-9a-zA-Z]+)+).*(Fail Reason: .*)$~$1, $2~8~cr32~32~A~~Last Gasp - NIC power lost for device, Fail Reason: [0x40] LG_DIRECT_NOTIFICATION~~~~2023-04-11~2023-04-11 08:30:04
r17~3.26.136.47~1~(Last Gasp - NIC power lost for device):(?:\s+(?:[0-9a-zA-Z]+)(?:\:[0-9a-zA-Z]+)+).*(Fail Reason: .*)$~$1, $2~8~cr33~33~A~~Last Gasp - NIC power lost for device, Fail Reason: [0x50] LG_PF_DETECTOR ,LG_DIRECT_NOTIFICATION~~~~2023-04-11~2023-04-11 08:30:04
r17~3.26.136.47~1~(Last Gasp - NIC power lost for device):(?:\s+(?:[0-9a-zA-Z]+)(?:\:[0-9a-zA-Z]+)+).*(Fail Reason: .*)$~$1, $2~8~cr34~34~A~~Last Gasp - NIC power lost for device, Fail Reason: [0x10] LG_PF_DETECTOR~~~~2023-04-11~2023-04-11 08:30:04
r17~3.26.136.47~1~(Last Gasp - NIC power lost for device):(?:\s+(?:[0-9a-zA-Z]+)(?:\:[0-9a-zA-Z]+)+).*(Fail Reason: .*)$~$1, $2~8~cr35~35~A~~Last Gasp - NIC power lost for device, Fail Reason: [0x51] LG_PF_DETECTOR ,LG_DIRECT_NOTIFICATION~~~~2023-04-11~2023-04-11 08:30:04
r17~3.26.136.47~1~(Last Gasp - NIC power lost for device):(?:\s+(?:[0-9a-zA-Z]+)(?:\:[0-9a-zA-Z]+)+).*(Fail Reason: .*)$~$1, $2~8~cr36~36~A~~Last Gasp - NIC power lost for device, Fail Reason: [0xC1] LG_DIRECT_NOTIFICATION ,LG_FLAG_SIMULATE~~~~2023-04-11~2023-04-11 08:30:04
r17~3.26.136.47~1~(Last Gasp - NIC power lost for device):(?:\s+(?:[0-9a-zA-Z]+)(?:\:[0-9a-zA-Z]+)+).*(Fail Reason: .*)$~$1, $2~8~cr37~37~A~~Last Gasp - NIC power lost for device, Fail Reason: [0x59] LG_ZERO_X_DETECTOR ,LG_PF_DETECTOR ,LG_DIRECT_NOTIFICATION~~~~2023-04-11~2023-04-11 08:30:04
r17~3.26.136.47~1~(Last Gasp - NIC power lost for device):(?:\s+(?:[0-9a-zA-Z]+)(?:\:[0-9a-zA-Z]+)+).*(Fail Reason: .*)$~$1, $2~8~cr38~38~A~~Last Gasp - NIC power lost for device, Fail Reason: [0x58] LG_ZERO_X_DETECTOR ,LG_PF_DETECTOR ,LG_DIRECT_NOTIFICATION~~~~2023-04-11~2023-04-11 08:30:04
r17~3.26.136.47~1~(Last Gasp - NIC power lost for device):(?:\s+(?:[0-9a-zA-Z]+)(?:\:[0-9a-zA-Z]+)+).*(Fail Reason: .*)$~$1, $2~8~cr39~39~A~~Last Gasp - NIC power lost for device, Fail Reason: [0x41] LG_DIRECT_NOTIFICATION~~~~2023-04-11~2023-04-11 08:30:04
r17~3.26.136.47~1~(Last Gasp - NIC power lost for device):(?:\s+(?:[0-9a-zA-Z]+)(?:\:[0-9a-zA-Z]+)+).*(Fail Reason: .*)$~$1, $2~8~cr40~40~A~~Last Gasp - NIC power lost for device, Fail Reason: [0x4B] LG_FLAG_FLASH_ERR ,LG_ZERO_X_DETECTOR ,LG_DIRECT_NOTIFICATION~~~~2023-04-11~2023-04-11 08:30:04
r17~3.26.136.47~1~(Last Gasp - NIC power lost for device):(?:\s+(?:[0-9a-zA-Z]+)(?:\:[0-9a-zA-Z]+)+).*(Fail Reason: .*)$~$1, $2~8~cr41~41~A~~Last Gasp - NIC power lost for device, Fail Reason: [0x08] LG_ZERO_X_DETECTOR~~~~2023-04-11~2023-04-11 08:30:04
r17~3.26.136.47~1~(Last Gasp - NIC power lost for device):(?:\s+(?:[0-9a-zA-Z]+)(?:\:[0-9a-zA-Z]+)+).*(Fail Reason: .*)$~$1, $2~8~cr42~42~A~~Last Gasp - NIC power lost for device, Fail Reason: [0x4A] LG_FLAG_FLASH_ERR ,LG_ZERO_X_DETECTOR ,LG_DIRECT_NOTIFICATION~~~~2023-04-11~2023-04-11 08:30:04
r17~3.26.136.47~1~(Last Gasp - NIC power lost for device):(?:\s+(?:[0-9a-zA-Z]+)(?:\:[0-9a-zA-Z]+)+).*(Fail Reason: .*)$~$1, $2~8~cr43~43~A~~Last Gasp - NIC power lost for device, Fail Reason: [0x18] LG_ZERO_X_DETECTOR ,LG_PF_DETECTOR~~~~2023-04-11~2023-04-11 08:30:04
r17~3.26.136.47~1~(Last Gasp - NIC power lost for device):(?:\s+(?:[0-9a-zA-Z]+)(?:\:[0-9a-zA-Z]+)+).*(Fail Reason: .*)$~$1, $2~8~cr44~44~A~~Last Gasp - NIC power lost for device, Fail Reason: [0x52] LG_FLAG_FLASH_ERR ,LG_PF_DETECTOR ,LG_DIRECT_NOTIFICATION~~~~2023-04-11~2023-04-11 08:30:04
r17~3.26.136.47~1~(Last Gasp - NIC power lost for device):(?:\s+(?:[0-9a-zA-Z]+)(?:\:[0-9a-zA-Z]+)+).*(Fail Reason: .*)$~$1, $2~8~cr45~45~A~~Last Gasp - NIC power lost for device, Fail Reason: [0x00]~~~~2023-04-11~2023-04-11 08:30:04
r17~3.26.136.47~1~(Last Gasp - NIC power lost for device):(?:\s+(?:[0-9a-zA-Z]+)(?:\:[0-9a-zA-Z]+)+).*(Fail Reason: .*)$~$1, $2~8~cr46~46~A~~Last Gasp - NIC power lost for device, Fail Reason: [0x48] LG_ZERO_X_DETECTOR ,LG_DIRECT_NOTIFICATION~~~~2023-04-11~2023-04-11 08:30:04
r17~3.26.136.47~1~(Last Gasp - NIC power lost for device):(?:\s+(?:[0-9a-zA-Z]+)(?:\:[0-9a-zA-Z]+)+).*(Fail Reason: .*)$~$1, $2~8~cr47~47~A~~Last Gasp - NIC power lost for device, Fail Reason: [0x49] LG_ZERO_X_DETECTOR ,LG_DIRECT_NOTIFICATION~~~~2023-04-11~2023-04-11 08:30:04
r17~3.26.136.47~1~(Last Gasp - NIC power lost for device):(?:\s+(?:[0-9a-zA-Z]+)(?:\:[0-9a-zA-Z]+)+).*(Fail Reason: .*)$~$1, $2~8~cr48~48~A~~Last Gasp - NIC power lost for device, Fail Reason: [0x5A] LG_FLAG_FLASH_ERR ,LG_ZERO_X_DETECTOR ,LG_PF_DETECTOR ,LG_DIRECT_NOTIFICATION~~~~2023-04-11~2023-04-11 08:30:04
r18~3.26.38.37~1~(Under Voltage|Low Potential|Diag6 Condition)\s*(\scleared)?\s*(\s\(.*\))?\s*(\scleared)?\s*(?:(?:\s*(?:for|on)?\s*(?:meter)?)?\s+(?:[0-9a-zA-Z]{1,2})(?:\:[0-9a-zA-Z]{1,2})+(?:N/A)?\.?)~$1$3$2$4~9~cr49~49~A~~Diag6 Condition cleared~~~~2023-04-11~2023-04-11 08:30:04
r18~3.26.38.37~1~(Under Voltage|Low Potential|Diag6 Condition)\s*(\scleared)?\s*(\s\(.*\))?\s*(\scleared)?\s*(?:(?:\s*(?:for|on)?\s*(?:meter)?)?\s+(?:[0-9a-zA-Z]{1,2})(?:\:[0-9a-zA-Z]{1,2})+(?:N/A)?\.?)~$1$3$2$4~9~cr50~50~A~~Under Voltage (CA000400) cleared~~~~2023-04-11~2023-04-11 08:30:04
r18~3.26.38.37~1~(Under Voltage|Low Potential|Diag6 Condition)\s*(\scleared)?\s*(\s\(.*\))?\s*(\scleared)?\s*(?:(?:\s*(?:for|on)?\s*(?:meter)?)?\s+(?:[0-9a-zA-Z]{1,2})(?:\:[0-9a-zA-Z]{1,2})+(?:N/A)?\.?)~$1$3$2$4~9~cr51~51~A~~Under Voltage (Diagnostic 6) cleared~~~~2023-04-11~2023-04-11 08:30:04
r18~3.26.38.37~1~(Under Voltage|Low Potential|Diag6 Condition)\s*(\scleared)?\s*(\s\(.*\))?\s*(\scleared)?\s*(?:(?:\s*(?:for|on)?\s*(?:meter)?)?\s+(?:[0-9a-zA-Z]{1,2})(?:\:[0-9a-zA-Z]{1,2})+(?:N/A)?\.?)~$1$3$2$4~9~cr52~52~A~~Low Potential cleared~~~~2023-04-11~2023-04-11 08:30:04
r19~3.26.38.150~1~(Under Voltage\s*(?:\(.*\))?\s*)(?:(?:\s*occurred\s*)?(?:\s*(?:for|on)?\s*(?:meter)?)?\s+(?:[0-9a-zA-Z]+)(?:\:[0-9a-zA-Z]+)+[\.\:]?)(\s?.*?)~$1$2~10~cr53~53~A~~Under Voltage (CA000400)  Phase  C Voltage out of tolerance.~~~~2023-04-11~2023-04-11 08:30:04
r19~3.26.38.150~1~(Under Voltage\s*(?:\(.*\))?\s*)(?:(?:\s*occurred\s*)?(?:\s*(?:for|on)?\s*(?:meter)?)?\s+(?:[0-9a-zA-Z]+)(?:\:[0-9a-zA-Z]+)+[\.\:]?)(\s?.*?)~$1$2~10~cr54~54~A~~Under Voltage (CA000400)  Phase  A Voltage out of tolerance.~~~~2023-04-11~2023-04-11 08:30:04
r19~3.26.38.150~1~(Under Voltage\s*(?:\(.*\))?\s*)(?:(?:\s*occurred\s*)?(?:\s*(?:for|on)?\s*(?:meter)?)?\s+(?:[0-9a-zA-Z]+)(?:\:[0-9a-zA-Z]+)+[\.\:]?)(\s?.*?)~$1$2~10~cr55~55~A~~Under Voltage (CA000400)  Phase  A, B Voltage out of tolerance.~~~~2023-04-11~2023-04-11 08:30:04
r19~3.26.38.150~1~(Under Voltage\s*(?:\(.*\))?\s*)(?:(?:\s*occurred\s*)?(?:\s*(?:for|on)?\s*(?:meter)?)?\s+(?:[0-9a-zA-Z]+)(?:\:[0-9a-zA-Z]+)+[\.\:]?)(\s?.*?)~$1$2~10~cr56~56~A~~Under Voltage (CA000400)  Phase A.~~~~2023-04-11~2023-04-11 08:30:04
r19~3.26.38.150~1~(Under Voltage\s*(?:\(.*\))?\s*)(?:(?:\s*occurred\s*)?(?:\s*(?:for|on)?\s*(?:meter)?)?\s+(?:[0-9a-zA-Z]+)(?:\:[0-9a-zA-Z]+)+[\.\:]?)(\s?.*?)~$1$2~10~cr57~57~A~~Under Voltage (CA000400)  Phase  A, C Voltage out of tolerance.~~~~2023-04-11~2023-04-11 08:30:04
r19~3.26.38.150~1~(Under Voltage\s*(?:\(.*\))?\s*)(?:(?:\s*occurred\s*)?(?:\s*(?:for|on)?\s*(?:meter)?)?\s+(?:[0-9a-zA-Z]+)(?:\:[0-9a-zA-Z]+)+[\.\:]?)(\s?.*?)~$1$2~10~cr58~58~A~~Under Voltage (CA000400)  Phase  B Voltage out of tolerance.~~~~2023-04-11~2023-04-11 08:30:04
r19~3.26.38.150~1~(Under Voltage\s*(?:\(.*\))?\s*)(?:(?:\s*occurred\s*)?(?:\s*(?:for|on)?\s*(?:meter)?)?\s+(?:[0-9a-zA-Z]+)(?:\:[0-9a-zA-Z]+)+[\.\:]?)(\s?.*?)~$1$2~10~cr59~59~A~~Under Voltage (CA000400)  Phase C.~~~~2023-04-11~2023-04-11 08:30:04
r19~3.26.38.150~1~(Under Voltage\s*(?:\(.*\))?\s*)(?:(?:\s*occurred\s*)?(?:\s*(?:for|on)?\s*(?:meter)?)?\s+(?:[0-9a-zA-Z]+)(?:\:[0-9a-zA-Z]+)+[\.\:]?)(\s?.*?)~$1$2~10~cr60~60~A~~Under Voltage (CA000400)  Phase  B, C Voltage out of tolerance.~~~~2023-04-11~2023-04-11 08:30:04
r19~3.26.38.150~1~(Under Voltage\s*(?:\(.*\))?\s*)(?:(?:\s*occurred\s*)?(?:\s*(?:for|on)?\s*(?:meter)?)?\s+(?:[0-9a-zA-Z]+)(?:\:[0-9a-zA-Z]+)+[\.\:]?)(\s?.*?)~$1$2~10~cr61~61~A~~Under Voltage (CA000400)  Phase  A, B, C Voltage out of tolerance.~~~~2023-04-11~2023-04-11 08:30:04
r19~3.26.38.150~1~(Under Voltage\s*(?:\(.*\))?\s*)(?:(?:\s*occurred\s*)?(?:\s*(?:for|on)?\s*(?:meter)?)?\s+(?:[0-9a-zA-Z]+)(?:\:[0-9a-zA-Z]+)+[\.\:]?)(\s?.*?)~$1$2~10~cr62~62~A~~Under Voltage (Diagnostic 6)  Phase A.~~~~2023-04-11~2023-04-11 08:30:04
r19~3.26.38.150~1~(Under Voltage\s*(?:\(.*\))?\s*)(?:(?:\s*occurred\s*)?(?:\s*(?:for|on)?\s*(?:meter)?)?\s+(?:[0-9a-zA-Z]+)(?:\:[0-9a-zA-Z]+)+[\.\:]?)(\s?.*?)~$1$2~10~cr63~63~A~~Under Voltage (CA000400)  Phase A and C.~~~~2023-04-11~2023-04-11 08:30:04
r20~3.26.38.150~2~(Diag6.*?)(?:(?:\s*occurred\s*)?(?:\s*(?:for|on)?\s*(?:meter)?)?\s+(?:[0-9a-zA-Z]+)(?:\:[0-9a-zA-Z]+)+[\.\:]?)(\s?.*?)~$1$2~10~cr64~64~A~~Diag6: Under Voltage, Element A~~~~2023-04-11~2023-04-11 08:30:04
r21~3.26.38.150~3~(KV2c meter event .*)\s*(Diagnostic flags)\s*\:\s*(.*?)\s*$~$1 ($2 = $3)~10~cr65~65~A~~KV2c meter event Under Voltage  (Diagnostic flags = Phase A Voltage)~~~~2023-04-11~2023-04-11 08:30:04
r22~3.36.136.79~1~((?:\s*occurred\s*)?(?:\s*(?:for|on)?\s*(?:meter)?)?\s+(?:[0-9a-zA-Z]+)(?:\:[0-9a-zA-Z]+)+[\s*\.]*)~~11~cr66~66~A~~Error occurred when attempting to synch meter time with NIC time for device~~~~2023-04-11~2023-04-11 08:30:04
r23~3.26.38.73~1~((?:\s*occurred\s*)?(?:\s*(?:for|on)?\s*(?:meter)?)?\s+(?:[0-9a-zA-Z]{1,2})(?:\:[0-9a-zA-Z]{1,2})+(?:N/A)?\.?)~~12~cr67~67~A~~Over Voltage (Diagnostic 7) cleared~~~~2023-04-11~2023-04-11 08:30:04
r23~3.26.38.73~1~((?:\s*occurred\s*)?(?:\s*(?:for|on)?\s*(?:meter)?)?\s+(?:[0-9a-zA-Z]{1,2})(?:\:[0-9a-zA-Z]{1,2})+(?:N/A)?\.?)~~12~cr68~68~A~~Diag7 Condition cleared~~~~2023-04-11~2023-04-11 08:30:04
r24~3.26.38.93~1~(KV2c meter event (?:(?:Over|Under) Voltage)|(?:Voltage Out of Tolerance)|(?:(?:Received|Delivered) kWh))(?:\s*Caution)?\s*(Diagnostic flags)\s*\:\s*(.*?)\s*$~$1 ($2 = $3)~13~cr69~69~A~~KV2c meter event Over Voltage (Diagnostic flags = Phase A Voltage)~~~~2023-04-11~2023-04-11 08:30:04
r24~3.26.38.93~1~(KV2c meter event (?:(?:Over|Under) Voltage)|(?:Voltage Out of Tolerance)|(?:(?:Received|Delivered) kWh))(?:\s*Caution)?\s*(Diagnostic flags)\s*\:\s*(.*?)\s*$~$1 ($2 = $3)~13~cr70~70~A~~KV2c meter event Under Voltage (Diagnostic flags = Phase B Voltage)~~~~2023-04-11~2023-04-11 08:30:04
r25~3.26.38.93~2~(KV2c meter event (?:(?:Over|Under) Voltage)|(?:Voltage Out of Tolerance)|(?:(?:Received|Delivered) kWh))(?:\s*Caution)?\s*Cleared\s*$~$1 Cleared~13~cr71~71~A~~~~~~2023-04-11~2023-04-11 08:30:04
r26~3.26.38.93~3~(.*Over Voltage.*?)(?:(?:\s*occurred\s*)?(?:\s*(?:for|on)?\s*(?:meter)?)?\s+(?:[0-9a-zA-Z]+)(?:\:[0-9a-zA-Z]+)+\.?)(.*?)\s*$~$1 $2~13~cr72~72~A~~Diag7: Over Voltage, Element A ~~~~2023-04-11~2023-04-11 08:30:04
r26~3.26.38.93~3~(.*Over Voltage.*?)(?:(?:\s*occurred\s*)?(?:\s*(?:for|on)?\s*(?:meter)?)?\s+(?:[0-9a-zA-Z]+)(?:\:[0-9a-zA-Z]+)+\.?)(.*?)\s*$~$1 $2~13~cr73~73~A~~Over Voltage (Diagnostic 7) : Phase A.~~~~2023-04-11~2023-04-11 08:30:04
r27~3.8.0.215~1~((?:\s*occurred\s*)?(?:\s*(?:for|on)?\s*(?:meter)?)?\s+(?:[0-9a-zA-Z]+)(?:\:[0-9a-zA-Z]+)+[\s*\.]*)~~14~cr74~74~A~~Demand Reset~~~~2023-04-11~2023-04-11 08:30:04
r28~3.23.136.85~1~Device\:?(?:\s+(?:[0-9a-zA-Z]+)(?:\:[0-9a-zA-Z]+)+)? Time: .* Failed Device\:?(?:\s+(?:[0-9a-zA-Z]+)(?:\:[0-9a-zA-Z]+)+)? (Reason: .*) Reboot Counter: .* Refresh Counter: .*~Device Failed: $1~15~cr75~75~A~~Device Failed: Reason: unknown (0x6)~~~~2023-04-11~2023-04-11 08:30:04
r28~3.23.136.85~1~Device\:?(?:\s+(?:[0-9a-zA-Z]+)(?:\:[0-9a-zA-Z]+)+)? Time: .* Failed Device\:?(?:\s+(?:[0-9a-zA-Z]+)(?:\:[0-9a-zA-Z]+)+)? (Reason: .*) Reboot Counter: .* Refresh Counter: .*~Device Failed: $1~15~cr76~76~A~~Device Failed: Reason: Security public key mismatch~~~~2023-04-11~2023-04-11 08:30:04
r28~3.23.136.85~1~Device\:?(?:\s+(?:[0-9a-zA-Z]+)(?:\:[0-9a-zA-Z]+)+)? Time: .* Failed Device\:?(?:\s+(?:[0-9a-zA-Z]+)(?:\:[0-9a-zA-Z]+)+)? (Reason: .*) Reboot Counter: .* Refresh Counter: .*~Device Failed: $1~15~cr77~77~A~~Device Failed: Reason: unknown (0x4)~~~~2023-04-11~2023-04-11 08:30:04
r29~3.23.136.85~2~(NIC Link Layer Handshake Failed): Device:(?:\s+(?:[0-9a-zA-Z]+)(?:\:[0-9a-zA-Z]+)+), Rejected neighbor Mac ID:(?:\s+(?:[0-9a-zA-Z]+)(?:\:[0-9a-zA-Z]+)+), (Rejection Cause: .*)~$1: $2~15~cr78~78~A~~NIC Link Layer Handshake Failed: Rejection Cause: invalid eblob signature~~~~2023-04-11~2023-04-11 08:30:04
r29~3.23.136.85~2~(NIC Link Layer Handshake Failed): Device:(?:\s+(?:[0-9a-zA-Z]+)(?:\:[0-9a-zA-Z]+)+), Rejected neighbor Mac ID:(?:\s+(?:[0-9a-zA-Z]+)(?:\:[0-9a-zA-Z]+)+), (Rejection Cause: .*)~$1: $2~15~cr79~79~A~~NIC Link Layer Handshake Failed: Rejection Cause: invalid dl chain cert~~~~2023-04-11~2023-04-11 08:30:04
r29~3.23.136.85~2~(NIC Link Layer Handshake Failed): Device:(?:\s+(?:[0-9a-zA-Z]+)(?:\:[0-9a-zA-Z]+)+), Rejected neighbor Mac ID:(?:\s+(?:[0-9a-zA-Z]+)(?:\:[0-9a-zA-Z]+)+), (Rejection Cause: .*)~$1: $2~15~cr80~80~A~~NIC Link Layer Handshake Failed: Rejection Cause: invalid birth certificate~~~~2023-04-11~2023-04-11 08:30:04
r29~3.23.136.85~2~(NIC Link Layer Handshake Failed): Device:(?:\s+(?:[0-9a-zA-Z]+)(?:\:[0-9a-zA-Z]+)+), Rejected neighbor Mac ID:(?:\s+(?:[0-9a-zA-Z]+)(?:\:[0-9a-zA-Z]+)+), (Rejection Cause: .*)~$1: $2~15~cr81~81~A~~NIC Link Layer Handshake Failed: Rejection Cause: invalid mfg cert~~~~2023-04-11~2023-04-11 08:30:04
r30~3.12.48.219~1~(Diag1: Polarity, Cross Phase, Reverse Energy Flow)(?:(?:\s*occurred\s*)?(?:\s*(?:for|on)?\s*(?:meter)?)?\s+(?:[0-9a-zA-Z]+)(?:\:[0-9a-zA-Z]+)+\.?)\s*(Angle out of tolerance) \[.*\]~$1: $2~16~cr82~82~A~~Diag1: Polarity, Cross Phase, Reverse Energy Flow: Angle out of tolerance.~~~~2023-04-11~2023-04-11 08:30:04
r31~3.12.48.219~2~(KV2c meter event Polarity, Cross Phase, Reverse Energy Flow) Diagnostic flags:.*~$1~16~cr83~83~A~~KV2c meter event Polarity, Cross Phase, Reverse Energy Flow~~~~2023-04-11~2023-04-11 08:30:04
r32~3.12.48.219~3~((?:Diag1 Condition|Reverse energy)\s*(?:\(.*\))?\s*)(?:(?:\s*occurred\s*)?(?:\s*(?:for|on)?\s*(?:meter)?)?\s+(?:[0-9a-zA-Z]+)(?:\:[0-9a-zA-Z]+)+\.?)~$1~16~cr84~84~A~~~~~~2023-04-11~2023-04-11 08:30:04
r33~3.12.48.219~4~(Service disconnect operation occurred with status:) (Open|Close) operation (started|succeeded)~$1 $2 $3~16~cr85~85~A~~~~~~2023-04-11~2023-04-11 08:30:04
r34~3.12.48.28~1~((?:\s*occurred\s*)?(?:\s*(?:for|on)?\s*(?:meter)?)?\s+(?:[0-9a-zA-Z]+)(?:\:[0-9a-zA-Z]+)+[\s*\.]*)~~17~cr86~86~A~~Diag1 Condition cleared~~~~2023-04-11~2023-04-11 08:30:04
r35~3.36.114.159~1~(Ignoring (?:Interval|Register) Read data for device)(?:\s+(?:[0-9a-zA-Z]+)(?:\:[0-9a-zA-Z]+)+)\s*(as it has time in the future).*~$1 $2~18~cr87~87~A~~Ignoring Interval Read data for device as it has time in the future~~~~2023-04-11~2023-04-11 08:30:04
r35~3.36.114.159~1~(Ignoring (?:Interval|Register) Read data for device)(?:\s+(?:[0-9a-zA-Z]+)(?:\:[0-9a-zA-Z]+)+)\s*(as it has time in the future).*~$1 $2~18~cr88~88~A~~Ignoring Register Read data for device as it has time in the future~~~~2023-04-11~2023-04-11 08:30:04
r36~3.36.114.73~1~(Meter)(?:\s+(?:[0-9a-zA-Z]+)(?:\:[0-9a-zA-Z]+)+),\s*(detected loss of time .*)~$1 $2~19~cr89~89~A~~Meter detected loss of time (C1219 Table 3)~~~~2023-04-11~2023-04-11 08:30:04
r37~3.7.19.242~1~(Test Mode Started)(?:(?:\s*occurred\s*)?(?:\s*(?:for|on)?\s*(?:meter)?)?\s+(?:[0-9a-zA-Z]+)(?:\:[0-9a-zA-Z]+)+\.?)~$1~20~cr90~90~A~~Test Mode Started~~~~2023-04-11~2023-04-11 08:30:04
r38~3.7.19.242~2~(Meter event Test Mode Started)\s*Time event occurred on meter = .* Sequence number = .* User id = .*  Event argument = .*~$1~20~cr91~91~A~~Meter event Test Mode Started~~~~2023-04-11~2023-04-11 08:30:04
r39~3.7.19.242~3~(Meter event Test Mode Started).*~Test Mode Started~20~cr92~92~A~~~~~~2023-04-11~2023-04-11 08:30:04
r40~3.7.19.242~4~(Meter is currently in test mode)[\s\.]*~$1~20~cr93~93~A~~Meter is currently in test mode~~~~2023-04-11~2023-04-11 08:30:04
r41~3.7.19.243~1~(Test Mode Stopped)(?:(?:\s*occurred\s*)?(?:\s*(?:for|on)?\s*(?:meter)?)?\s+(?:[0-9a-zA-Z]+)(?:\:[0-9a-zA-Z]+)+\.?)~$1~21~cr94~94~A~~Test Mode Stopped~~~~2023-04-11~2023-04-11 08:30:04
r42~3.7.19.243~2~(Meter event Test Mode Stopped)\s*Time event occurred on meter = .* Sequence number = .* User id = .*  Event argument = .*~$1~21~cr95~95~A~~Meter event Test Mode Stopped~~~~2023-04-11~2023-04-11 08:30:04
r43~3.7.19.243~3~(Meter event Test Mode Stopped).*~Test Mode Stopped~21~cr96~96~A~~~~~~2023-04-11~2023-04-11 08:30:04
r44~3.26.38.47~1~((?:\s*occurred\s*)?(?:\s*(?:for|on)?\s*(?:meter)?)?\s+(?:[0-9a-zA-Z]+)(?:\:[0-9a-zA-Z]+)+[\s*\.]*)~~22~cr97~97~A~~Low Potential (C1219 Table 3)~~~~2023-04-11~2023-04-11 08:30:04
r45~3.11.63.161~1~(Requested operation)\s*(.*)\s*(could not be applied) to the given device type and firmware version.\s*Device\:?(?:\s+(?:[0-9a-zA-Z]+)(?:\:[0-9a-zA-Z]+)+)?,\s*DeviceType\:?.*,\s*Firmware Version\:?.*~$1 $3: $2~23~cr98~98~A~~Requested operation could not be applied: JOB_OP_LP_READ ~~~~2023-04-11~2023-04-11 08:30:04
r45~3.11.63.161~1~(Requested operation)\s*(.*)\s*(could not be applied) to the given device type and firmware version.\s*Device\:?(?:\s+(?:[0-9a-zA-Z]+)(?:\:[0-9a-zA-Z]+)+)?,\s*DeviceType\:?.*,\s*Firmware Version\:?.*~$1 $3: $2~23~cr99~99~A~~Requested operation could not be applied: JOB_OP_NIC_NEW_DATA_READ ~~~~2023-04-11~2023-04-11 08:30:04
r45~3.11.63.161~1~(Requested operation)\s*(.*)\s*(could not be applied) to the given device type and firmware version.\s*Device\:?(?:\s+(?:[0-9a-zA-Z]+)(?:\:[0-9a-zA-Z]+)+)?,\s*DeviceType\:?.*,\s*Firmware Version\:?.*~$1 $3: $2~23~cr100~100~A~~Requested operation could not be applied: JOB_OP_PROVISION_DISCONNECT ~~~~2023-04-11~2023-04-11 08:30:04
r45~3.11.63.161~1~(Requested operation)\s*(.*)\s*(could not be applied) to the given device type and firmware version.\s*Device\:?(?:\s+(?:[0-9a-zA-Z]+)(?:\:[0-9a-zA-Z]+)+)?,\s*DeviceType\:?.*,\s*Firmware Version\:?.*~$1 $3: $2~23~cr101~101~A~~Requested operation could not be applied: JOB_OP_NCC_EL ~~~~2023-04-11~2023-04-11 08:30:04
r45~3.11.63.161~1~(Requested operation)\s*(.*)\s*(could not be applied) to the given device type and firmware version.\s*Device\:?(?:\s+(?:[0-9a-zA-Z]+)(?:\:[0-9a-zA-Z]+)+)?,\s*DeviceType\:?.*,\s*Firmware Version\:?.*~$1 $3: $2~23~cr102~102~A~~Requested operation could not be applied: JOB_OP_PROVISION_CONNECT ~~~~2023-04-11~2023-04-11 08:30:04
r45~3.11.63.161~1~(Requested operation)\s*(.*)\s*(could not be applied) to the given device type and firmware version.\s*Device\:?(?:\s+(?:[0-9a-zA-Z]+)(?:\:[0-9a-zA-Z]+)+)?,\s*DeviceType\:?.*,\s*Firmware Version\:?.*~$1 $3: $2~23~cr103~103~A~~Requested operation could not be applied: JOB_OP_TYPE_ARB_METER_COMMAND ~~~~2023-04-11~2023-04-11 08:30:04
r45~3.11.63.161~1~(Requested operation)\s*(.*)\s*(could not be applied) to the given device type and firmware version.\s*Device\:?(?:\s+(?:[0-9a-zA-Z]+)(?:\:[0-9a-zA-Z]+)+)?,\s*DeviceType\:?.*,\s*Firmware Version\:?.*~$1 $3: $2~23~cr104~104~A~~Requested operation could not be applied: JOB_OP_TYPE_DEMAND_RESET ~~~~2023-04-11~2023-04-11 08:30:04
r45~3.11.63.161~1~(Requested operation)\s*(.*)\s*(could not be applied) to the given device type and firmware version.\s*Device\:?(?:\s+(?:[0-9a-zA-Z]+)(?:\:[0-9a-zA-Z]+)+)?,\s*DeviceType\:?.*,\s*Firmware Version\:?.*~$1 $3: $2~23~cr105~105~A~~Requested operation could not be applied: JOB_OP_REGISTER_CURR_READ ~~~~2023-04-11~2023-04-11 08:30:04
r45~3.11.63.161~1~(Requested operation)\s*(.*)\s*(could not be applied) to the given device type and firmware version.\s*Device\:?(?:\s+(?:[0-9a-zA-Z]+)(?:\:[0-9a-zA-Z]+)+)?,\s*DeviceType\:?.*,\s*Firmware Version\:?.*~$1 $3: $2~23~cr106~106~A~~Requested operation could not be applied: JOB_OP_NEW_DATA_READ ~~~~2023-04-11~2023-04-11 08:30:04
r45~3.11.63.161~1~(Requested operation)\s*(.*)\s*(could not be applied) to the given device type and firmware version.\s*Device\:?(?:\s+(?:[0-9a-zA-Z]+)(?:\:[0-9a-zA-Z]+)+)?,\s*DeviceType\:?.*,\s*Firmware Version\:?.*~$1 $3: $2~23~cr107~107~A~~Requested operation could not be applied: JOB_OP_PROVISION_GET_STATUS ~~~~2023-04-11~2023-04-11 08:30:04
r46~3.23.136.47~1~(Access Point)(?:\s+(?:[0-9a-zA-Z]+)(?:\:[0-9a-zA-Z]+)+)\s*(has lost connectivity with FHSS 900 MHz band.)~$1 $2~24~cr108~108~A~~Access Point has lost connectivity with FHSS 900 MHz band.~~~~2023-04-11~2023-04-11 08:30:04
r47~3.9.83.159~1~(Meter Program Seal mismatch for Device)\s*\[Device ID, MAC Id\]\s*=\s*.*~$1~25~cr109~109~A~~Meter Program Seal mismatch for Device~~~~2023-04-11~2023-04-11 08:30:04
r48~3.12.17.257~1~((?:\s*occurred\s*)?(?:\s*(?:for|on)?\s*(?:meter)?)?\s+(?:[0-9a-zA-Z]+)(?:\:[0-9a-zA-Z]+)+)\.?~~26~cr110~110~A~~Tamper (Meter Inversion) detected~~~~2023-04-11~2023-04-11 08:30:04
r49~3.23.17.139~1~(Device)(?:\s+(?:[0-9a-zA-Z]+)(?:\:[0-9a-zA-Z]+)+).*(exceeded the max allowable trap threshold).*~$1 $2~27~cr111~111~A~~Device exceeded the max allowable trap threshold~~~~2023-04-11~2023-04-11 08:30:04
r50~3.12.136.38~1~A?\s+?(.*command was sent) from(?:\s+(?:[0-9a-zA-Z]+)(?:\:[0-9a-zA-Z]+)+)\s*(with a key that has insufficient privileges) to execute it.*(ID:\s*[0-9]+)\s*((?:READ|WRITE)\s*SUBID:\s*[0-9]+)\s*(ASSOC_ID:\s*[0-9]+).*~$1 $2: $4 $5~28~cr112~112~A~~NET_MGMT command was sent with a key that has insufficient privileges: WRITE SUBID: 65535 ASSOC_ID: 768~~~~2023-04-11~2023-04-11 08:30:04
r50~3.12.136.38~1~A?\s+?(.*command was sent) from(?:\s+(?:[0-9a-zA-Z]+)(?:\:[0-9a-zA-Z]+)+)\s*(with a key that has insufficient privileges) to execute it.*(ID:\s*[0-9]+)\s*((?:READ|WRITE)\s*SUBID:\s*[0-9]+)\s*(ASSOC_ID:\s*[0-9]+).*~$1 $2: $4 $5~28~cr113~113~A~~NET_MGMT command was sent with a key that has insufficient privileges: WRITE SUBID: 32789 ASSOC_ID: 2603~~~~2023-04-11~2023-04-11 08:30:04
r50~3.12.136.38~1~A?\s+?(.*command was sent) from(?:\s+(?:[0-9a-zA-Z]+)(?:\:[0-9a-zA-Z]+)+)\s*(with a key that has insufficient privileges) to execute it.*(ID:\s*[0-9]+)\s*((?:READ|WRITE)\s*SUBID:\s*[0-9]+)\s*(ASSOC_ID:\s*[0-9]+).*~$1 $2: $4 $5~28~cr114~114~A~~NET_MGMT command was sent with a key that has insufficient privileges: READ SUBID: 65535 ASSOC_ID: 12591~~~~2023-04-11~2023-04-11 08:30:04
r50~3.12.136.38~1~A?\s+?(.*command was sent) from(?:\s+(?:[0-9a-zA-Z]+)(?:\:[0-9a-zA-Z]+)+)\s*(with a key that has insufficient privileges) to execute it.*(ID:\s*[0-9]+)\s*((?:READ|WRITE)\s*SUBID:\s*[0-9]+)\s*(ASSOC_ID:\s*[0-9]+).*~$1 $2: $4 $5~28~cr115~115~A~~NET_MGMT command was sent with a key that has insufficient privileges: READ SUBID: 65535 ASSOC_ID: 256~~~~2023-04-11~2023-04-11 08:30:04
r51~3.12.93.219~1~(Meter)(?:\s+(?:[0-9a-zA-Z]+)(?:\:[0-9a-zA-Z]+)+[\.,]?)\s*(detected tampering\s*(?:\(.*\))?\s*)~$1 $2~29~cr116~116~A~~Meter detected tampering (C1219 Table 3)~~~~2023-04-11~2023-04-11 08:30:04
r52~3.12.93.219~2~(Meter event (?:Reverse Rotation Detected|Demand Reset Occurred))\s*Time event occurred on meter\s*=.*\s*Sequence number\s*=.*\s*User id\s*=.*\s*Event argument\s*=.*~$1~29~cr117~117~A~~Meter event Reverse Rotation Detected~~~~2023-04-11~2023-04-11 08:30:04
r53~3.12.93.219~3~(Meter event Reverse Rotation Detected).*~$1~29~cr118~118~A~~~~~~2023-04-11~2023-04-11 08:30:04
r54~3.12.93.219~4~(Meter detected a Reverse Rotation).*~Meter event Reverse Rotation Detected~29~cr119~119~A~~Meter event Reverse Rotation Detected~~~~2023-04-11~2023-04-11 08:30:04
r55~3.26.136.66~1~Device(?:\s+(?:[0-9a-zA-Z]+)(?:\:[0-9a-zA-Z]+)+), (Last Gasp State: .*), (Detector State: .*), Reboot Count: \d*~$1, $2~30~cr120~120~A~~Last Gasp State: EL_EVENT_POWER_FAIL_DETECT_LG_DISABLED, Detector State: EL_EVENT_POWER_FAIL_DETECT_NIC_ZX_DISABLED~~~~2023-04-11~2023-04-11 08:30:04
r55~3.26.136.66~1~Device(?:\s+(?:[0-9a-zA-Z]+)(?:\:[0-9a-zA-Z]+)+), (Last Gasp State: .*), (Detector State: .*), Reboot Count: \d*~$1, $2~30~cr121~121~A~~Last Gasp State: EL_EVENT_POWER_FAIL_DETECT_LG_DISABLED, Detector State: EL_EVENT_POWER_FAIL_DETECT_METER_PF_DISABLED~~~~2023-04-11~2023-04-11 08:30:04
r56~3.21.43.223~1~(Detected end of voltage sag)(?:(?:\s*(?:for|on)?\s*(?:meter)?)?\s+(?:[0-9a-zA-Z]+)(?:\:[0-9a-zA-Z]+)+\.?).*Duration: .*, Min RMS Voltage: .*, RMS Current \(at min voltage\): .*~$1~31~cr122~122~A~~Detected end of voltage sag~~~~2023-04-11~2023-04-11 08:30:04
r57~3.21.43.223~2~(Detected end of voltage sag)(?:(?:\s*(?:for|on)?\s*(?:meter)?)?\s+(?:[0-9a-zA-Z]+)(?:\:[0-9a-zA-Z]+)+\.?).*~$1~31~cr123~123~A~~~~~~2023-04-11~2023-04-11 08:30:04
r58~3.21.43.248~1~(Detected end of voltage swell)(?:(?:\s*(?:for|on)?\s*(?:meter)?)?\s+(?:[0-9a-zA-Z]+)(?:\:[0-9a-zA-Z]+)+\.?).*Duration: .*, Min RMS Voltage: .*, RMS Current \(at min voltage\): .*~$1~32~cr124~124~A~~~~~~2023-04-11~2023-04-11 08:30:04
r59~3.21.43.248~2~(Detected end of voltage swell)(?:(?:\s*(?:for|on)?\s*(?:meter)?)?\s+(?:[0-9a-zA-Z]+)(?:\:[0-9a-zA-Z]+)+\.?).*~$1~32~cr125~125~A~~Detected end of voltage swell~~~~2023-04-11~2023-04-11 08:30:04
r60~3.18.72.79~1~(NVRAM Error\s*(?:\(.*\))?\s*)(?:(?:\s*occurred\s*)?(?:\s*(?:for|on)?\s*(?:meter)?)?\s+(?:[0-9a-zA-Z]+)(?:\:[0-9a-zA-Z]+)+\.?)~$1~33~cr126~126~A~~NVRAM Error (C1219 Table 3) ~~~~2023-04-11~2023-04-11 08:30:04
r61~3.18.72.28~1~((?:\s*occurred\s*)?(?:\s*(?:for|on)?\s*(?:meter)?)?\s+(?:[0-9a-zA-Z]+)(?:\:[0-9a-zA-Z]+)+[\s*\.]*)~~34~cr127~127~A~~NVRAM Error cleared~~~~2023-04-11~2023-04-11 08:30:04
r62~3.12.93.28~1~(Cleared: Meter)(?:\s*(?:[0-9a-zA-Z]+)(?:\:[0-9a-zA-Z]+)+\.?), (cleared tamper detection.*)~$1 $2~35~cr128~128~A~~Cleared: Meter cleared tamper detection (C1219 Table 3)~~~~2023-04-11~2023-04-11 08:30:04
r63~3.21.67.79~1~(Measurement Error\s*(?:\(.*\))?\s*)(?:(?:\s*occurred\s*)?(?:\s*(?:for|on)?\s*(?:meter)?)?\s+(?:[0-9a-zA-Z]+)(?:\:[0-9a-zA-Z]+)+\.?)~$1~36~cr129~129~A~~Measurement Error (C1219 Table 3) ~~~~2023-04-11~2023-04-11 08:30:04
r64~3.21.67.79~2~(Meter event Measurement Error Detected)\s*Time event occurred on meter\s*=.*\s*Sequence number\s*=.*\s*User id\s*=.*\s*Event argument\s*=.*~$1~36~cr130~130~A~~Meter event Measurement Error Detected~~~~2023-04-11~2023-04-11 08:30:04
r65~3.21.67.79~3~(Meter event Measurement Error Detected).*~$1~36~cr131~131~A~~~~~~2023-04-11~2023-04-11 08:30:04
r66~3.21.67.79~4~(Meter detected a measurement error).*~Meter event Measurement Error Detected~36~cr132~132~A~~Meter event Measurement Error Detected~~~~2023-04-11~2023-04-11 08:30:04
r67~3.21.67.28~1~((?:\s*occurred\s*)?(?:\s*(?:for|on)?\s*(?:meter)?)?\s+(?:[0-9a-zA-Z]+)(?:\:[0-9a-zA-Z]+)+[\s*\.]*)~~37~cr133~133~A~~Measurement Error cleared~~~~2023-04-11~2023-04-11 08:30:04
r68~3.35.0.40~1~(Meter)(?:\s+(?:[0-9a-zA-Z]+)(?:\:[0-9a-zA-Z]+)+)\s*(detected a high temperature condition)\.\s*(.*)~$1 $2 $3~38~cr134~134~A~~Meter detected a high temperature condition (C1219 Table 3)~~~~2023-04-11~2023-04-11 08:30:04
r69~3.35.0.40~2~(Meter's temperature threshold exceeded).~$1~38~cr135~135~A~~Meter's temperature threshold exceeded~~~~2023-04-11~2023-04-11 08:30:04
r70~3.35.0.40~3~(Meter event AX Temp Threshold Exceeded)\s*Time event occurred on meter\s*=.*\s*Sequence number\s*=.*\s*User id\s*=.*\s*Event argument\s*=.*~$1~38~cr136~136~A~~~~~~2023-04-11~2023-04-11 08:30:04
r71~3.35.0.40~4~(Meter event (?:AX Temp Threshold Exceeded|S4TemperatureThreshold)).*~$1~38~cr137~137~A~~Meter event S4TemperatureThreshold~~~~2023-04-11~2023-04-11 08:30:04
r72~3.35.0.28~1~((?:\s*occurred\s*)?(?:\s*(?:for|on)?\s*(?:meter)?)?\s+(?:[0-9a-zA-Z]+)(?:\:[0-9a-zA-Z]+)+\.?)~~39~cr138~138~A~~Cleared: Meter detected a high temperature condition. (C1219 Table 3)~~~~2023-04-11~2023-04-11 08:30:04
r73~3.7.22.19~1~(NIC backup battery inactive).*~$1~40~cr139~139~A~~NIC backup battery inactive~~~~2023-04-11~2023-04-11 08:30:04
r74~3.7.22.4~1~(NIC operating on backup battery)\:(\s+(?:[0-9a-zA-Z]+)(?:\:[0-9a-zA-Z]+)+\.?), Reboot Count: .*, NIC timestamp: .*, Received timestamp: .*~$1~41~cr140~140~A~~NIC operating on backup battery~~~~2023-04-11~2023-04-11 08:30:04
r75~3.21.82.79~1~((?:\s*occurred\s*)?(?:\s*(?:for|on)?\s*(?:meter)?)?\s+(?:[0-9a-zA-Z]+)(?:\:[0-9a-zA-Z]+)+[\s*\.]*)~~42~cr141~141~A~~DSP Error (C1219 Table 3: Er200000)~~~~2023-04-11~2023-04-11 08:30:04
r76~3.21.3.79~1~((?:\s*occurred\s*)?(?:\s*(?:for|on)?\s*(?:meter)?)?\s+(?:[0-9a-zA-Z]+)(?:\:[0-9a-zA-Z]+)+[\s*\.]*)~~43~cr142~142~A~~System Error (C1219 Table 3: Er000020)~~~~2023-04-11~2023-04-11 08:30:04
r77~3.21.82.28~1~((?:\s*occurred\s*)?(?:\s*(?:for|on)?\s*(?:meter)?)?\s+(?:[0-9a-zA-Z]+)(?:\:[0-9a-zA-Z]+)+[\s*\.]*)~~44~cr143~143~A~~DSP Error cleared~~~~2023-04-11~2023-04-11 08:30:04
r78~3.21.3.28~1~((?:\s*occurred\s*)?(?:\s*(?:for|on)?\s*(?:meter)?)?\s+(?:[0-9a-zA-Z]+)(?:\:[0-9a-zA-Z]+)+[\s*\.]*)~~45~cr144~144~A~~System Error cleared~~~~2023-04-11~2023-04-11 08:30:04
r79~3.2.22.150~1~((?:\s*occurred\s*)?(?:\s*(?:for|on)?\s*(?:meter)?)?\s+(?:[0-9a-zA-Z]+)(?:\:[0-9a-zA-Z]+)+[\s*\.]*)~~46~cr145~145~A~~Low Battery (C1219 Table 3)~~~~2023-04-11~2023-04-11 08:30:04
r80~3.2.22.28~1~((?:\s*occurred\s*)?(?:\s*(?:for|on)?\s*(?:meter)?)?\s+(?:[0-9a-zA-Z]+)(?:\:[0-9a-zA-Z]+)+[\s*\.]*)~~47~cr146~146~A~~Low Battery cleared~~~~2023-04-11~2023-04-11 08:30:04
r81~3.18.92.79~1~((?:\s*occurred\s*)?(?:\s*(?:for|on)?\s*(?:meter)?)?\s+(?:[0-9a-zA-Z]+)(?:\:[0-9a-zA-Z]+)+[\s*\.]*)~~48~cr147~147~A~~ROM Error (C1219 Table 3)~~~~2023-04-11~2023-04-11 08:30:04
r82~3.25.17.3~1~(Meter generated an energy polarity gyrbox call in event).*~$1~49~cr148~148~A~~Meter generated an energy polarity gyrbox call in event~~~~2023-04-11~2023-04-11 08:30:04
r83~3.18.72.85~1~(Meter event.*)\s*Time event occurred on meter\s*=.*\s*Sequence number\s*=.*\s*User id\s*=.*\s*Event argument\s*=.*~$1~50~cr149~149~A~~Meter event Nonvolatile Memory Failure Detected  ~~~~2023-04-11~2023-04-11 08:30:04
r84~3.18.72.85~2~(Meter event (?:Nonvolatile Memory Failure Detected|Demand Reset Occurred|Reset List Pointers)).*~$1~50~cr150~150~A~~~~~~2023-04-11~2023-04-11 08:30:04
r85~3.18.72.85~3~(Meter detected a nonvolatile memory failure).*~Meter event Nonvolatile Memory Failure Detected~50~cr151~151~A~~Meter event Nonvolatile Memory Failure Detected~~~~2023-04-11~2023-04-11 08:30:04
r86~3.18.72.85~4~(KV2c meter event .*)\s*(Diagnostic flags)\s*\:\s*(.*?)\s*$~$1 ($2 = $3)~50~cr152~152~A~~KV2c meter event Received kWh Caution (Diagnostic flags = Phase A Voltage)~~~~2023-04-11~2023-04-11 08:30:04
r87~3.18.72.85~5~(Universal event Unsupported Event\s*(?:\(.*\))?\s*with priority Alarm)[\s*\.]*~$1~50~cr153~153~A~~~~~~2023-04-11~2023-04-11 08:30:04
r88~3.18.72.85~6~~Reason is null, ID=3.18.72.85~50~cr154~154~A~~~~~~2023-04-11~2023-04-11 08:30:04
r89~3.12.0.257~1~(Meter event Tamper Attempt Suspected)\s*Time event occurred on meter = .* Sequence number = .* User id = .*  Event argument = .*~$1~51~cr155~155~A~~Meter event Tamper Attempt Suspected~~~~2023-04-11~2023-04-11 08:30:04
r90~3.12.0.257~2~(Meter event Tamper Attempt Suspected).*~$1~51~cr156~156~A~~~~~~2023-04-11~2023-04-11 08:30:04
r91~3.12.0.257~3~(Meter detected a Tamper Attempt|Tamper attempt detected).*~Meter detected a Tamper Attempt~51~cr157~157~A~~Meter detected a Tamper Attempt~~~~2023-04-11~2023-04-11 08:30:04
r92~3.21.17.28~1~(Meter detected a self check error).~$1~52~cr158~158~A~~Meter detected a self check error~~~~2023-04-11~2023-04-11 08:30:04
r93~3.31.1.143~1~(Meter assumed to be disconnected has reported Load side voltage indicating a potential case of tamper).*~$1~53~cr159~159~A~~Meter assumed to be disconnected has reported Load side voltage indicating a potential case of tamper~~~~2023-04-11~2023-04-11 08:30:04
r94~3.18.92.85~1~(Meter event Rom Failure Detected)\s*Time event occurred on meter\s*=.*\s*Sequence number\s*=.*\s*User id\s*=.*\s*Event argument\s*=.*~$1~54~cr160~160~A~~~~~~2023-04-11~2023-04-11 08:30:04
r95~3.18.92.85~2~(Meter event Rom Failure Detected).*~$1~54~cr161~161~A~~~~~~2023-04-11~2023-04-11 08:30:04
r96~3.18.92.85~3~^(?:Meter detected a ROM failure|ROM failure detected).*$~Meter event Rom Failure Detected~54~cr162~162~A~~Meter event Rom Failure Detected~~~~2023-04-11~2023-04-11 08:30:04
r97~3.18.85.85~1~(Meter event Ram Failure Detected)\s*Time event occurred on meter\s*=.*\s*Sequence number=.*\s*User id\s*=.*\s*Event argument\s*=.*~$1~55~cr163~163~A~~~~~~2023-04-11~2023-04-11 08:30:04
r98~3.18.85.85~2~(Meter event Ram Failure Detected).*~$1~55~cr164~164~A~~~~~~2023-04-11~2023-04-11 08:30:04
r99~3.18.85.85~3~(Meter detected a RAM failure).*~Meter event Ram Failure Detected~55~cr165~165~A~~Meter event Ram Failure Detected~~~~2023-04-11~2023-04-11 08:30:04
r100~3.18.85.79~1~((?:\s*occurred\s*)?(?:\s*(?:for|on)?\s*(?:meter)?)?\s+(?:[0-9a-zA-Z]+)(?:\:[0-9a-zA-Z]+)+[\s*\.]*)~~56~cr166~166~A~~~~~~2023-04-11~2023-04-11 08:30:04
r101~3.2.0.28~1~((?:\s*occurred\s*)?(?:\s*(?:for|on)?\s*(?:meter)?)?\s+(?:[0-9a-zA-Z]+)(?:\:[0-9a-zA-Z]+)+[\s*\.]*)~~57~cr167~167~A~~~~~~2023-04-11~2023-04-11 08:30:04
r102~3.21.1.79~1~(Meter event Measurement Error Detected)\s*Time event occurred on meter\s*=.*\s*Sequence number\s*=.*\s*User id\s*=.*\s*Event argument\s*=.*~$1~58~cr168~168~A~~~~~~2023-04-11~2023-04-11 08:30:04
r103~3.21.1.79~2~(Meter event Measurement Error Detected).*~$1~58~cr169~169~A~~~~~~2023-04-11~2023-04-11 08:30:04
r104~3.21.1.79~3~(Meter detected a measurement error).*~Meter event Measurement Error Detected~58~cr170~170~A~~~~~~2023-04-11~2023-04-11 08:30:04
r105~3.33.1.219~1~(Meter event Reverse Rotation Detected)\s*Time event occurred on meter\s*=.*\s*Sequence number\s*=.*\s*User id\s*=.*\s*Event argument\s*=.*~$1~59~cr171~171~A~~~~~~2023-04-11~2023-04-11 08:30:04
r106~3.33.1.219~2~(Meter event Reverse Rotation Detected).*~$1~59~cr172~172~A~~~~~~2023-04-11~2023-04-11 08:30:04
r107~3.33.1.219~3~(Meter detected a Reverse Rotation).*~Meter event Reverse Rotation Detected~59~cr173~173~A~~~~~~2023-04-11~2023-04-11 08:30:04
r108~3.18.1.199~1~(Meter detected a RAM failure).*~$1~60~cr174~174~A~~~~~~2023-04-11~2023-04-11 08:30:04
r109~3.18.92.28~1~((?:\s*occurred\s*)?(?:\s*(?:for|on)?\s*(?:meter)?)?\s+(?:[0-9a-zA-Z]+)(?:\:[0-9a-zA-Z]+)+[\s*\.]*)~~61~cr175~175~A~~ROM Error cleared~~~~2023-04-11~2023-04-11 08:30:04
r110~3.22.12.243~1~(Meter event Test Mode Stopped)\s*Time event occurred on meter\s*=.*\s*Sequence number\s*=.*\s*User id\s*=.*\s*Event argument\s*=.*~$1~62~cr176~176~A~~~~~~2023-04-11~2023-04-11 08:30:04
r111~3.22.12.243~2~(Meter event Test Mode Stopped).*~$1~62~cr177~177~A~~~~~~2023-04-11~2023-04-11 08:30:04
r112~3.26.17.185~1~(Meter had a power outage).\s*(Unsafe power fail) count = [0-9]+~$1 ($2)~63~cr178~178~A~~~~~~2023-04-11~2023-04-11 08:30:04
r113~3.26.17.185~2~(Meter event Primary Power Down)\s*Time event occurred on meter\s*=.*\s*Sequence number\s*=.*\s*User id\s*=.*\s*Event argument\s*=.*~$1~63~cr179~179~A~~~~~~2023-04-11~2023-04-11 08:30:04
r114~3.26.17.185~3~(Meter event Primary Power Down).*~$1~63~cr180~180~A~~~~~~2023-04-11~2023-04-11 08:30:04
r115~3.26.17.216~1~Meter event (Primary Power Up)\s*Time event occurred on meter\s*=.*\s*Sequence number\s*=.*\s*User id\s*=.*\s*Event argument\s*=.*~$1~64~cr181~181~A~~~~~~2023-04-11~2023-04-11 08:30:04
r116~3.26.17.216~2~Meter event (Primary Power Up).*~$1~64~cr182~182~A~~~~~~2023-04-11~2023-04-11 08:30:04
r117~3.38.1.139~1~(KV2c meter event Polarity, Cross Phase, Reverse Energy Flow) Diagnostic flags:.*~$1~65~cr183~183~A~~~~~~2023-04-11~2023-04-11 08:30:04
r118~3.2.0.85~1~((?:\s*occurred\s*)?(?:\s*(?:for|on)?\s*(?:meter)?)?\s+(?:[0-9a-zA-Z]+)(?:\:[0-9a-zA-Z]+)+[\s*\.]*)~~66~cr184~184~A~~~~~~2023-04-11~2023-04-11 08:30:04
r119~3.36.0.79~1~(Meter event Clock Error Detected)\s*Time event occurred on meter\s*=.*\s*Sequence number\s*=.*\s*User id\s*=.*\s*Event argument\s*=.*~$1~67~cr185~185~A~~~~~~2023-04-11~2023-04-11 08:30:04
r120~3.36.0.79~2~(Meter event Clock Error Detected).*~$1~67~cr186~186~A~~~~~~2023-04-11~2023-04-11 08:30:04
r121~3.36.0.79~3~(Meter detected a clock error).*~Meter event Clock Error Detected~67~cr187~187~A~~Meter event Clock Error Detected~~~~2023-04-11~2023-04-11 08:30:04
r122~3.36.1.29~1~(Meter detected a clock error).~$1~68~cr188~188~A~~~~~~2023-04-11~2023-04-11 08:30:04
r123~3.18.1.220~1~(Meter detected a ROM failure).*~$1~69~cr189~189~A~~~~~~2023-04-11~2023-04-11 08:30:04
r124~3.18.85.28~1~((?:\s*occurred\s*)?(?:\s*(?:for|on)?\s*(?:meter)?)?\s+(?:[0-9a-zA-Z]+)(?:\:[0-9a-zA-Z]+)+[\s*\.]*)~~70~cr190~190~A~~~~~~2023-04-11~2023-04-11 08:30:04
r125~3.21.1.173~1~(Meter event Nonvolatile Memory Failure Detected)\s*Time event occurred on meter\s*=.*\s*Sequence number\s*=.*\s*User id\s*=.*\s*Event argument\s*=.*~$1~71~cr191~191~A~~~~~~2023-04-11~2023-04-11 08:30:04
r126~3.21.1.173~2~(Meter event Nonvolatile Memory Failure Detected).*~$1~71~cr192~192~A~~~~~~2023-04-11~2023-04-11 08:30:04
r127~3.21.1.173~3~(Meter detected a nonvolatile memory failure).*~Meter event Nonvolatile Memory Failure Detected~71~cr193~193~A~~~~~~2023-04-11~2023-04-11 08:30:04
r128~3.21.18.79~1~(Meter detected a self check error).*~$1~72~cr194~194~A~~~~~~2023-04-11~2023-04-11 08:30:04
r129~3.22.19.242~1~(Meter event Test Mode Started)\s*Time event occurred on meter\s*=.*\s*Sequence number\s*=.*\s*User id\s*=.*\s*Event argument\s*=.*~$1~73~cr195~195~A~~~~~~2023-04-11~2023-04-11 08:30:04
r130~3.22.19.242~2~(Meter event Test Mode Started).*~$1~73~cr196~196~A~~~~~~2023-04-11~2023-04-11 08:30:04
r131~3.33.1.257~1~(Meter event Tamper Attempt Suspected)\s*Time event occurred on meter\s*=.*\s*Sequence number\s*=.*\s*User id\s*=.*\s*Event argument\s*=.*~$1~74~cr197~197~A~~~~~~2023-04-11~2023-04-11 08:30:04
r132~3.33.1.257~2~(Meter event Tamper Attempt Suspected).*~$1~74~cr198~198~A~~~~~~2023-04-11~2023-04-11 08:30:04
r133~3.33.1.257~3~(Meter detected a Tamper Attempt).*~Meter event Tamper Attempt Suspected~74~cr199~199~A~~~~~~2023-04-11~2023-04-11 08:30:04
